{
  "group": "alexcoolmod",
  "type": "minecraft:crafting_shaped",
  "pattern": [
    "0 2",
    "345",
    "678"
  ],
  "key": {
    "0": {
      "item": "minecraft:redstone_block"
    },
    "2": {
      "item": "minecraft:redstone_block"
    },
    "3": {
      "item": "minecraft:redstone_block"
    },
    "4": {
      "item": "minecraft:diamond_block"
    },
    "5": {
      "item": "minecraft:redstone_block"
    },
    "6": {
      "item": "minecraft:redstone_torch"
    },
    "7": {
      "item": "minecraft:gold_block"
    },
    "8": {
      "item": "minecraft:redstone_torch"
    }
  },
  "result": {
    "item": "alexcoolmod:alex_armour_chestplate",
    "count": 1
  }
}