{
  "group": "alexcoolmod",
  "type": "minecraft:crafting_shapeless",
  "ingredients": [
    {
      "item": "minecraft:gold_block"
    },
    {
      "item": "minecraft:diamond_block"
    },
    {
      "item": "minecraft:iron_block"
    },
    {
      "item": "minecraft:emerald_block"
    },
    {
      "item": "minecraft:diamond_block"
    },
    {
      "item": "minecraft:lapis_block"
    },
    {
      "item": "minecraft:redstone_block"
    }
  ],
  "result": {
    "item": "alexcoolmod:alex_sword",
    "count": 1
  }
}