{
  "group": "alexcoolmod",
  "type": "minecraft:crafting_shaped",
  "pattern": [
    " 12",
    "3 5",
    " 78"
  ],
  "key": {
    "1": {
      "item": "minecraft:lapis_lazuli"
    },
    "2": {
      "item": "minecraft:stick"
    },
    "3": {
      "item": "minecraft:redstone"
    },
    "5": {
      "item": "minecraft:stick"
    },
    "7": {
      "item": "minecraft:lapis_lazuli"
    },
    "8": {
      "item": "minecraft:stick"
    }
  },
  "result": {
    "item": "alexcoolmod:alex_bow",
    "count": 1
  }
}